,date,name,point
0,2018-07-01,당갈,9.52
1,2018-07-01,허스토리,9.35
2,2018-07-01,"지금, 만나러 갑니다",9.34
3,2018-07-01,인크레더블 2,9.27
4,2018-07-01,1987,9.25
5,2018-07-01,극장판 헬로카봇 : 백악기 시대,9.24
6,2018-07-01,명탐정 코난 : 제로의 집행인,9.23
7,2018-07-01,어느 가족,9.22
8,2018-07-01,러빙 빈센트,9.19
9,2018-07-01,내 사랑,9.17
10,2018-07-01,미션 임파서블: 폴아웃,9.14
11,2018-07-01,맘마미아!2,9.07
12,2018-07-01,어벤져스: 인피니티 워,8.95
13,2018-07-01,너의 결혼식,8.94
14,2018-07-01,그것만이 내 세상,8.92
15,2018-07-01,바르다가 사랑한 얼굴들,8.91
16,2018-07-01,소공녀,8.88
17,2018-07-01,비포 선라이즈,8.88
18,2018-07-01,극장판 도라에몽: 진구의 보물섬,8.78
19,2018-07-01,신비아파트: 금빛 도깨비와 비밀의 동굴,8.76
20,2018-07-01,바닷마을 다이어리,8.74
21,2018-07-01,"부르고뉴, 와인에서 찾은 인생",8.71
22,2018-07-01,앤트맨과 와스프,8.66
23,2018-07-01,걸어도 걸어도,8.64
24,2018-07-01,안경,8.6
25,2018-07-01,몬스터 호텔 3,8.59
26,2018-07-01,아비정전,8.51
27,2018-07-01,이별의 아침에 약속의 꽃을 장식하자,8.49
28,2018-07-01,시카리오: 데이 오브 솔다도,8.48
29,2018-07-01,탐정: 리턴즈,8.44
30,2018-07-01,나를 차버린 스파이,8.38
31,2018-07-01,카모메 식당,8.38
32,2018-07-01,신은 죽지 않았다 3: 어둠 속의 빛,8.37
33,2018-07-01,노인을 위한 나라는 없다,8.2
34,2018-07-01,고양이를 빌려드립니다,8.08
35,2018-07-01,파리로 가는 길,7.9
36,2018-07-01,아이 엠 러브,7.89
37,2018-07-01,한여름의 판타지아,7.83
38,2018-07-01,세 번째 살인,7.78
39,2018-07-01,신과함께-인과 연,7.73
40,2018-07-01,콜 미 바이 유어 네임,7.55
41,2018-07-01,킬링 디어,7.16
42,2018-07-01,공작,6.87
43,2018-07-01,메가로돈,6.73
44,2018-07-01,조선명탐정: 흡혈괴마의 비밀,6.65
45,2018-07-01,곤지암,6.47
46,2018-07-01,목격자,5.66
47,2018-07-01,인랑,3.87
48,2018-07-02,당갈,9.52
49,2018-07-02,허스토리,9.35
50,2018-07-02,"지금, 만나러 갑니다",9.34
51,2018-07-02,인크레더블 2,9.27
52,2018-07-02,1987,9.25
53,2018-07-02,극장판 헬로카봇 : 백악기 시대,9.24
54,2018-07-02,명탐정 코난 : 제로의 집행인,9.23
55,2018-07-02,어느 가족,9.22
56,2018-07-02,러빙 빈센트,9.19
57,2018-07-02,내 사랑,9.17
58,2018-07-02,미션 임파서블: 폴아웃,9.14
59,2018-07-02,맘마미아!2,9.07
60,2018-07-02,어벤져스: 인피니티 워,8.95
61,2018-07-02,너의 결혼식,8.94
62,2018-07-02,그것만이 내 세상,8.92
63,2018-07-02,바르다가 사랑한 얼굴들,8.91
64,2018-07-02,소공녀,8.88
65,2018-07-02,비포 선라이즈,8.88
66,2018-07-02,극장판 도라에몽: 진구의 보물섬,8.78
67,2018-07-02,신비아파트: 금빛 도깨비와 비밀의 동굴,8.76
68,2018-07-02,바닷마을 다이어리,8.74
69,2018-07-02,"부르고뉴, 와인에서 찾은 인생",8.71
70,2018-07-02,앤트맨과 와스프,8.66
71,2018-07-02,걸어도 걸어도,8.64
72,2018-07-02,안경,8.6
73,2018-07-02,몬스터 호텔 3,8.59
74,2018-07-02,아비정전,8.51
75,2018-07-02,이별의 아침에 약속의 꽃을 장식하자,8.49
76,2018-07-02,시카리오: 데이 오브 솔다도,8.48
77,2018-07-02,탐정: 리턴즈,8.44
78,2018-07-02,나를 차버린 스파이,8.38
79,2018-07-02,카모메 식당,8.38
80,2018-07-02,신은 죽지 않았다 3: 어둠 속의 빛,8.37
81,2018-07-02,노인을 위한 나라는 없다,8.2
82,2018-07-02,고양이를 빌려드립니다,8.08
83,2018-07-02,파리로 가는 길,7.9
84,2018-07-02,아이 엠 러브,7.89
85,2018-07-02,한여름의 판타지아,7.83
86,2018-07-02,세 번째 살인,7.78
87,2018-07-02,신과함께-인과 연,7.73
88,2018-07-02,콜 미 바이 유어 네임,7.55
89,2018-07-02,킬링 디어,7.16
90,2018-07-02,공작,6.87
91,2018-07-02,메가로돈,6.73
92,2018-07-02,조선명탐정: 흡혈괴마의 비밀,6.65
93,2018-07-02,곤지암,6.47
94,2018-07-02,목격자,5.66
95,2018-07-02,인랑,3.87
96,2018-07-03,당갈,9.52
97,2018-07-03,허스토리,9.35
98,2018-07-03,"지금, 만나러 갑니다",9.34
99,2018-07-03,인크레더블 2,9.27
100,2018-07-03,1987,9.25
101,2018-07-03,극장판 헬로카봇 : 백악기 시대,9.24
102,2018-07-03,명탐정 코난 : 제로의 집행인,9.23
103,2018-07-03,어느 가족,9.22
104,2018-07-03,러빙 빈센트,9.19
105,2018-07-03,내 사랑,9.17
106,2018-07-03,미션 임파서블: 폴아웃,9.14
107,2018-07-03,맘마미아!2,9.07
108,2018-07-03,어벤져스: 인피니티 워,8.95
109,2018-07-03,너의 결혼식,8.94
110,2018-07-03,그것만이 내 세상,8.92
111,2018-07-03,바르다가 사랑한 얼굴들,8.91
112,2018-07-03,소공녀,8.88
113,2018-07-03,비포 선라이즈,8.88
114,2018-07-03,극장판 도라에몽: 진구의 보물섬,8.78
115,2018-07-03,신비아파트: 금빛 도깨비와 비밀의 동굴,8.76
116,2018-07-03,바닷마을 다이어리,8.74
117,2018-07-03,"부르고뉴, 와인에서 찾은 인생",8.71
118,2018-07-03,앤트맨과 와스프,8.66
119,2018-07-03,걸어도 걸어도,8.64
120,2018-07-03,안경,8.6
121,2018-07-03,몬스터 호텔 3,8.59
122,2018-07-03,아비정전,8.51
123,2018-07-03,이별의 아침에 약속의 꽃을 장식하자,8.49
124,2018-07-03,시카리오: 데이 오브 솔다도,8.48
125,2018-07-03,탐정: 리턴즈,8.44
126,2018-07-03,나를 차버린 스파이,8.38
127,2018-07-03,카모메 식당,8.38
128,2018-07-03,신은 죽지 않았다 3: 어둠 속의 빛,8.37
129,2018-07-03,노인을 위한 나라는 없다,8.2
130,2018-07-03,고양이를 빌려드립니다,8.08
131,2018-07-03,파리로 가는 길,7.9
132,2018-07-03,아이 엠 러브,7.89
133,2018-07-03,한여름의 판타지아,7.83
134,2018-07-03,세 번째 살인,7.78
135,2018-07-03,신과함께-인과 연,7.73
136,2018-07-03,콜 미 바이 유어 네임,7.55
137,2018-07-03,킬링 디어,7.16
138,2018-07-03,공작,6.87
139,2018-07-03,메가로돈,6.73
140,2018-07-03,조선명탐정: 흡혈괴마의 비밀,6.65
141,2018-07-03,곤지암,6.47
142,2018-07-03,목격자,5.66
143,2018-07-03,인랑,3.87
144,2018-07-04,당갈,9.52
145,2018-07-04,허스토리,9.35
146,2018-07-04,"지금, 만나러 갑니다",9.34
147,2018-07-04,인크레더블 2,9.27
148,2018-07-04,1987,9.25
149,2018-07-04,극장판 헬로카봇 : 백악기 시대,9.24
150,2018-07-04,명탐정 코난 : 제로의 집행인,9.23
151,2018-07-04,어느 가족,9.22
152,2018-07-04,러빙 빈센트,9.19
153,2018-07-04,내 사랑,9.17
154,2018-07-04,미션 임파서블: 폴아웃,9.14
155,2018-07-04,맘마미아!2,9.07
156,2018-07-04,어벤져스: 인피니티 워,8.95
157,2018-07-04,너의 결혼식,8.94
158,2018-07-04,그것만이 내 세상,8.92
159,2018-07-04,바르다가 사랑한 얼굴들,8.91
160,2018-07-04,소공녀,8.88
161,2018-07-04,비포 선라이즈,8.88
162,2018-07-04,극장판 도라에몽: 진구의 보물섬,8.78
163,2018-07-04,신비아파트: 금빛 도깨비와 비밀의 동굴,8.76
164,2018-07-04,바닷마을 다이어리,8.74
165,2018-07-04,"부르고뉴, 와인에서 찾은 인생",8.71
166,2018-07-04,앤트맨과 와스프,8.66
167,2018-07-04,걸어도 걸어도,8.64
168,2018-07-04,안경,8.6
169,2018-07-04,몬스터 호텔 3,8.59
170,2018-07-04,아비정전,8.51
171,2018-07-04,이별의 아침에 약속의 꽃을 장식하자,8.49
172,2018-07-04,시카리오: 데이 오브 솔다도,8.48
173,2018-07-04,탐정: 리턴즈,8.44
174,2018-07-04,나를 차버린 스파이,8.38
175,2018-07-04,카모메 식당,8.38
176,2018-07-04,신은 죽지 않았다 3: 어둠 속의 빛,8.37
177,2018-07-04,노인을 위한 나라는 없다,8.2
178,2018-07-04,고양이를 빌려드립니다,8.08
179,2018-07-04,파리로 가는 길,7.9
180,2018-07-04,아이 엠 러브,7.89
181,2018-07-04,한여름의 판타지아,7.83
182,2018-07-04,세 번째 살인,7.78
183,2018-07-04,신과함께-인과 연,7.73
184,2018-07-04,콜 미 바이 유어 네임,7.55
185,2018-07-04,킬링 디어,7.16
186,2018-07-04,공작,6.87
187,2018-07-04,메가로돈,6.73
188,2018-07-04,조선명탐정: 흡혈괴마의 비밀,6.65
189,2018-07-04,곤지암,6.47
190,2018-07-04,목격자,5.66
191,2018-07-04,인랑,3.87
192,2018-07-05,당갈,9.52
193,2018-07-05,허스토리,9.35
194,2018-07-05,"지금, 만나러 갑니다",9.34
195,2018-07-05,인크레더블 2,9.27
196,2018-07-05,1987,9.25
197,2018-07-05,극장판 헬로카봇 : 백악기 시대,9.24
198,2018-07-05,명탐정 코난 : 제로의 집행인,9.23
199,2018-07-05,어느 가족,9.22
200,2018-07-05,러빙 빈센트,9.19
201,2018-07-05,내 사랑,9.17
202,2018-07-05,미션 임파서블: 폴아웃,9.14
203,2018-07-05,맘마미아!2,9.07
204,2018-07-05,어벤져스: 인피니티 워,8.95
205,2018-07-05,너의 결혼식,8.94
206,2018-07-05,그것만이 내 세상,8.92
207,2018-07-05,바르다가 사랑한 얼굴들,8.91
208,2018-07-05,소공녀,8.88
209,2018-07-05,비포 선라이즈,8.88
210,2018-07-05,극장판 도라에몽: 진구의 보물섬,8.78
211,2018-07-05,신비아파트: 금빛 도깨비와 비밀의 동굴,8.76
212,2018-07-05,바닷마을 다이어리,8.74
213,2018-07-05,"부르고뉴, 와인에서 찾은 인생",8.71
214,2018-07-05,앤트맨과 와스프,8.66
215,2018-07-05,걸어도 걸어도,8.64
216,2018-07-05,안경,8.6
217,2018-07-05,몬스터 호텔 3,8.59
218,2018-07-05,아비정전,8.51
219,2018-07-05,이별의 아침에 약속의 꽃을 장식하자,8.49
220,2018-07-05,시카리오: 데이 오브 솔다도,8.48
221,2018-07-05,탐정: 리턴즈,8.44
222,2018-07-05,나를 차버린 스파이,8.38
223,2018-07-05,카모메 식당,8.38
224,2018-07-05,신은 죽지 않았다 3: 어둠 속의 빛,8.37
225,2018-07-05,노인을 위한 나라는 없다,8.2
226,2018-07-05,고양이를 빌려드립니다,8.08
227,2018-07-05,파리로 가는 길,7.9
228,2018-07-05,아이 엠 러브,7.89
229,2018-07-05,한여름의 판타지아,7.83
230,2018-07-05,세 번째 살인,7.78
231,2018-07-05,신과함께-인과 연,7.73
232,2018-07-05,콜 미 바이 유어 네임,7.55
233,2018-07-05,킬링 디어,7.16
234,2018-07-05,공작,6.87
235,2018-07-05,메가로돈,6.73
236,2018-07-05,조선명탐정: 흡혈괴마의 비밀,6.65
237,2018-07-05,곤지암,6.47
238,2018-07-05,목격자,5.66
239,2018-07-05,인랑,3.87
240,2018-07-06,당갈,9.52
241,2018-07-06,허스토리,9.35
242,2018-07-06,"지금, 만나러 갑니다",9.34
243,2018-07-06,인크레더블 2,9.27
244,2018-07-06,1987,9.25
245,2018-07-06,극장판 헬로카봇 : 백악기 시대,9.24
246,2018-07-06,명탐정 코난 : 제로의 집행인,9.23
247,2018-07-06,어느 가족,9.22
248,2018-07-06,러빙 빈센트,9.19
249,2018-07-06,내 사랑,9.17
250,2018-07-06,미션 임파서블: 폴아웃,9.14
251,2018-07-06,맘마미아!2,9.07
252,2018-07-06,어벤져스: 인피니티 워,8.95
253,2018-07-06,너의 결혼식,8.94
254,2018-07-06,그것만이 내 세상,8.92
255,2018-07-06,바르다가 사랑한 얼굴들,8.91
256,2018-07-06,소공녀,8.88
257,2018-07-06,비포 선라이즈,8.88
258,2018-07-06,극장판 도라에몽: 진구의 보물섬,8.78
259,2018-07-06,신비아파트: 금빛 도깨비와 비밀의 동굴,8.76
260,2018-07-06,바닷마을 다이어리,8.74
261,2018-07-06,"부르고뉴, 와인에서 찾은 인생",8.71
262,2018-07-06,앤트맨과 와스프,8.66
263,2018-07-06,걸어도 걸어도,8.64
264,2018-07-06,안경,8.6
265,2018-07-06,몬스터 호텔 3,8.59
266,2018-07-06,아비정전,8.51
267,2018-07-06,이별의 아침에 약속의 꽃을 장식하자,8.49
268,2018-07-06,시카리오: 데이 오브 솔다도,8.48
269,2018-07-06,탐정: 리턴즈,8.44
270,2018-07-06,나를 차버린 스파이,8.38
271,2018-07-06,카모메 식당,8.38
272,2018-07-06,신은 죽지 않았다 3: 어둠 속의 빛,8.37
273,2018-07-06,노인을 위한 나라는 없다,8.2
274,2018-07-06,고양이를 빌려드립니다,8.08
275,2018-07-06,파리로 가는 길,7.9
276,2018-07-06,아이 엠 러브,7.89
277,2018-07-06,한여름의 판타지아,7.83
278,2018-07-06,세 번째 살인,7.78
279,2018-07-06,신과함께-인과 연,7.73
280,2018-07-06,콜 미 바이 유어 네임,7.55
281,2018-07-06,킬링 디어,7.16
282,2018-07-06,공작,6.87
283,2018-07-06,메가로돈,6.73
284,2018-07-06,조선명탐정: 흡혈괴마의 비밀,6.65
285,2018-07-06,곤지암,6.47
286,2018-07-06,목격자,5.66
287,2018-07-06,인랑,3.87
288,2018-07-07,당갈,9.52
289,2018-07-07,허스토리,9.35
290,2018-07-07,"지금, 만나러 갑니다",9.34
291,2018-07-07,인크레더블 2,9.27
292,2018-07-07,1987,9.25
293,2018-07-07,극장판 헬로카봇 : 백악기 시대,9.24
294,2018-07-07,명탐정 코난 : 제로의 집행인,9.23
295,2018-07-07,어느 가족,9.22
296,2018-07-07,러빙 빈센트,9.19
297,2018-07-07,내 사랑,9.17
298,2018-07-07,미션 임파서블: 폴아웃,9.14
299,2018-07-07,맘마미아!2,9.07
300,2018-07-07,어벤져스: 인피니티 워,8.95
301,2018-07-07,너의 결혼식,8.94
302,2018-07-07,그것만이 내 세상,8.92
303,2018-07-07,바르다가 사랑한 얼굴들,8.91
304,2018-07-07,소공녀,8.88
305,2018-07-07,비포 선라이즈,8.88
306,2018-07-07,극장판 도라에몽: 진구의 보물섬,8.78
307,2018-07-07,신비아파트: 금빛 도깨비와 비밀의 동굴,8.76
308,2018-07-07,바닷마을 다이어리,8.74
309,2018-07-07,"부르고뉴, 와인에서 찾은 인생",8.71
310,2018-07-07,앤트맨과 와스프,8.66
311,2018-07-07,걸어도 걸어도,8.64
312,2018-07-07,안경,8.6
313,2018-07-07,몬스터 호텔 3,8.59
314,2018-07-07,아비정전,8.51
315,2018-07-07,이별의 아침에 약속의 꽃을 장식하자,8.49
316,2018-07-07,시카리오: 데이 오브 솔다도,8.48
317,2018-07-07,탐정: 리턴즈,8.44
318,2018-07-07,나를 차버린 스파이,8.38
319,2018-07-07,카모메 식당,8.38
320,2018-07-07,신은 죽지 않았다 3: 어둠 속의 빛,8.37
321,2018-07-07,노인을 위한 나라는 없다,8.2
322,2018-07-07,고양이를 빌려드립니다,8.08
323,2018-07-07,파리로 가는 길,7.9
324,2018-07-07,아이 엠 러브,7.89
325,2018-07-07,한여름의 판타지아,7.83
326,2018-07-07,세 번째 살인,7.78
327,2018-07-07,신과함께-인과 연,7.73
328,2018-07-07,콜 미 바이 유어 네임,7.55
329,2018-07-07,킬링 디어,7.16
330,2018-07-07,공작,6.87
331,2018-07-07,메가로돈,6.73
332,2018-07-07,조선명탐정: 흡혈괴마의 비밀,6.65
333,2018-07-07,곤지암,6.47
334,2018-07-07,목격자,5.66
335,2018-07-07,인랑,3.87
336,2018-07-08,당갈,9.52
337,2018-07-08,허스토리,9.35
338,2018-07-08,"지금, 만나러 갑니다",9.34
339,2018-07-08,인크레더블 2,9.27
340,2018-07-08,1987,9.25
341,2018-07-08,극장판 헬로카봇 : 백악기 시대,9.24
342,2018-07-08,명탐정 코난 : 제로의 집행인,9.23
343,2018-07-08,어느 가족,9.22
344,2018-07-08,러빙 빈센트,9.19
345,2018-07-08,내 사랑,9.17
346,2018-07-08,미션 임파서블: 폴아웃,9.14
347,2018-07-08,맘마미아!2,9.07
348,2018-07-08,어벤져스: 인피니티 워,8.95
349,2018-07-08,너의 결혼식,8.94
350,2018-07-08,그것만이 내 세상,8.92
351,2018-07-08,바르다가 사랑한 얼굴들,8.91
352,2018-07-08,소공녀,8.88
353,2018-07-08,비포 선라이즈,8.88
354,2018-07-08,극장판 도라에몽: 진구의 보물섬,8.78
355,2018-07-08,신비아파트: 금빛 도깨비와 비밀의 동굴,8.76
356,2018-07-08,바닷마을 다이어리,8.74
357,2018-07-08,"부르고뉴, 와인에서 찾은 인생",8.71
358,2018-07-08,앤트맨과 와스프,8.66
359,2018-07-08,걸어도 걸어도,8.64
360,2018-07-08,안경,8.6
361,2018-07-08,몬스터 호텔 3,8.59
362,2018-07-08,아비정전,8.51
363,2018-07-08,이별의 아침에 약속의 꽃을 장식하자,8.49
364,2018-07-08,시카리오: 데이 오브 솔다도,8.48
365,2018-07-08,탐정: 리턴즈,8.44
366,2018-07-08,나를 차버린 스파이,8.38
367,2018-07-08,카모메 식당,8.38
368,2018-07-08,신은 죽지 않았다 3: 어둠 속의 빛,8.37
369,2018-07-08,노인을 위한 나라는 없다,8.2
370,2018-07-08,고양이를 빌려드립니다,8.08
371,2018-07-08,파리로 가는 길,7.9
372,2018-07-08,아이 엠 러브,7.89
373,2018-07-08,한여름의 판타지아,7.83
374,2018-07-08,세 번째 살인,7.78
375,2018-07-08,신과함께-인과 연,7.73
376,2018-07-08,콜 미 바이 유어 네임,7.55
377,2018-07-08,킬링 디어,7.16
378,2018-07-08,공작,6.87
379,2018-07-08,메가로돈,6.73
380,2018-07-08,조선명탐정: 흡혈괴마의 비밀,6.65
381,2018-07-08,곤지암,6.47
382,2018-07-08,목격자,5.66
383,2018-07-08,인랑,3.87
384,2018-07-09,당갈,9.52
385,2018-07-09,허스토리,9.35
386,2018-07-09,"지금, 만나러 갑니다",9.34
387,2018-07-09,인크레더블 2,9.27
388,2018-07-09,1987,9.25
389,2018-07-09,극장판 헬로카봇 : 백악기 시대,9.24
390,2018-07-09,명탐정 코난 : 제로의 집행인,9.23
391,2018-07-09,어느 가족,9.22
392,2018-07-09,러빙 빈센트,9.19
393,2018-07-09,내 사랑,9.17
394,2018-07-09,미션 임파서블: 폴아웃,9.14
395,2018-07-09,맘마미아!2,9.07
396,2018-07-09,어벤져스: 인피니티 워,8.95
397,2018-07-09,너의 결혼식,8.94
398,2018-07-09,그것만이 내 세상,8.92
399,2018-07-09,바르다가 사랑한 얼굴들,8.91
400,2018-07-09,소공녀,8.88
401,2018-07-09,비포 선라이즈,8.88
402,2018-07-09,극장판 도라에몽: 진구의 보물섬,8.78
403,2018-07-09,신비아파트: 금빛 도깨비와 비밀의 동굴,8.76
404,2018-07-09,바닷마을 다이어리,8.74
405,2018-07-09,"부르고뉴, 와인에서 찾은 인생",8.71
406,2018-07-09,앤트맨과 와스프,8.66
407,2018-07-09,걸어도 걸어도,8.64
408,2018-07-09,안경,8.6
409,2018-07-09,몬스터 호텔 3,8.59
410,2018-07-09,아비정전,8.51
411,2018-07-09,이별의 아침에 약속의 꽃을 장식하자,8.49
412,2018-07-09,시카리오: 데이 오브 솔다도,8.48
413,2018-07-09,탐정: 리턴즈,8.44
414,2018-07-09,나를 차버린 스파이,8.38
415,2018-07-09,카모메 식당,8.38
416,2018-07-09,신은 죽지 않았다 3: 어둠 속의 빛,8.37
417,2018-07-09,노인을 위한 나라는 없다,8.2
418,2018-07-09,고양이를 빌려드립니다,8.08
419,2018-07-09,파리로 가는 길,7.9
420,2018-07-09,아이 엠 러브,7.89
421,2018-07-09,한여름의 판타지아,7.83
422,2018-07-09,세 번째 살인,7.78
423,2018-07-09,신과함께-인과 연,7.73
424,2018-07-09,콜 미 바이 유어 네임,7.55
425,2018-07-09,킬링 디어,7.16
426,2018-07-09,공작,6.87
427,2018-07-09,메가로돈,6.73
428,2018-07-09,조선명탐정: 흡혈괴마의 비밀,6.65
429,2018-07-09,곤지암,6.47
430,2018-07-09,목격자,5.66
431,2018-07-09,인랑,3.87
432,2018-07-10,당갈,9.52
433,2018-07-10,허스토리,9.35
434,2018-07-10,"지금, 만나러 갑니다",9.34
435,2018-07-10,인크레더블 2,9.27
436,2018-07-10,1987,9.25
437,2018-07-10,극장판 헬로카봇 : 백악기 시대,9.24
438,2018-07-10,명탐정 코난 : 제로의 집행인,9.23
439,2018-07-10,어느 가족,9.22
440,2018-07-10,러빙 빈센트,9.19
441,2018-07-10,내 사랑,9.17
442,2018-07-10,미션 임파서블: 폴아웃,9.14
443,2018-07-10,맘마미아!2,9.07
444,2018-07-10,어벤져스: 인피니티 워,8.95
445,2018-07-10,너의 결혼식,8.94
446,2018-07-10,그것만이 내 세상,8.92
447,2018-07-10,바르다가 사랑한 얼굴들,8.91
448,2018-07-10,소공녀,8.88
449,2018-07-10,비포 선라이즈,8.88
450,2018-07-10,극장판 도라에몽: 진구의 보물섬,8.78
451,2018-07-10,신비아파트: 금빛 도깨비와 비밀의 동굴,8.76
452,2018-07-10,바닷마을 다이어리,8.74
453,2018-07-10,"부르고뉴, 와인에서 찾은 인생",8.71
454,2018-07-10,앤트맨과 와스프,8.66
455,2018-07-10,걸어도 걸어도,8.64
456,2018-07-10,안경,8.6
457,2018-07-10,몬스터 호텔 3,8.59
458,2018-07-10,아비정전,8.51
459,2018-07-10,이별의 아침에 약속의 꽃을 장식하자,8.49
460,2018-07-10,시카리오: 데이 오브 솔다도,8.48
461,2018-07-10,탐정: 리턴즈,8.44
462,2018-07-10,나를 차버린 스파이,8.38
463,2018-07-10,카모메 식당,8.38
464,2018-07-10,신은 죽지 않았다 3: 어둠 속의 빛,8.37
465,2018-07-10,노인을 위한 나라는 없다,8.2
466,2018-07-10,고양이를 빌려드립니다,8.08
467,2018-07-10,파리로 가는 길,7.9
468,2018-07-10,아이 엠 러브,7.89
469,2018-07-10,한여름의 판타지아,7.83
470,2018-07-10,세 번째 살인,7.78
471,2018-07-10,신과함께-인과 연,7.73
472,2018-07-10,콜 미 바이 유어 네임,7.55
473,2018-07-10,킬링 디어,7.16
474,2018-07-10,공작,6.87
475,2018-07-10,메가로돈,6.73
476,2018-07-10,조선명탐정: 흡혈괴마의 비밀,6.65
477,2018-07-10,곤지암,6.47
478,2018-07-10,목격자,5.66
479,2018-07-10,인랑,3.87
480,2018-07-11,당갈,9.52
481,2018-07-11,허스토리,9.35
482,2018-07-11,"지금, 만나러 갑니다",9.34
483,2018-07-11,인크레더블 2,9.27
484,2018-07-11,1987,9.25
485,2018-07-11,극장판 헬로카봇 : 백악기 시대,9.24
486,2018-07-11,명탐정 코난 : 제로의 집행인,9.23
487,2018-07-11,어느 가족,9.22
488,2018-07-11,러빙 빈센트,9.19
489,2018-07-11,내 사랑,9.17
490,2018-07-11,미션 임파서블: 폴아웃,9.14
491,2018-07-11,맘마미아!2,9.07
492,2018-07-11,어벤져스: 인피니티 워,8.95
493,2018-07-11,너의 결혼식,8.94
494,2018-07-11,그것만이 내 세상,8.92
495,2018-07-11,바르다가 사랑한 얼굴들,8.91
496,2018-07-11,소공녀,8.88
497,2018-07-11,비포 선라이즈,8.88
498,2018-07-11,극장판 도라에몽: 진구의 보물섬,8.78
499,2018-07-11,신비아파트: 금빛 도깨비와 비밀의 동굴,8.76
500,2018-07-11,바닷마을 다이어리,8.74
501,2018-07-11,"부르고뉴, 와인에서 찾은 인생",8.71
502,2018-07-11,앤트맨과 와스프,8.66
503,2018-07-11,걸어도 걸어도,8.64
504,2018-07-11,안경,8.6
505,2018-07-11,몬스터 호텔 3,8.59
506,2018-07-11,아비정전,8.51
507,2018-07-11,이별의 아침에 약속의 꽃을 장식하자,8.49
508,2018-07-11,시카리오: 데이 오브 솔다도,8.48
509,2018-07-11,탐정: 리턴즈,8.44
510,2018-07-11,나를 차버린 스파이,8.38
511,2018-07-11,카모메 식당,8.38
512,2018-07-11,신은 죽지 않았다 3: 어둠 속의 빛,8.37
513,2018-07-11,노인을 위한 나라는 없다,8.2
514,2018-07-11,고양이를 빌려드립니다,8.08
515,2018-07-11,파리로 가는 길,7.9
516,2018-07-11,아이 엠 러브,7.89
517,2018-07-11,한여름의 판타지아,7.83
518,2018-07-11,세 번째 살인,7.78
519,2018-07-11,신과함께-인과 연,7.73
520,2018-07-11,콜 미 바이 유어 네임,7.55
521,2018-07-11,킬링 디어,7.16
522,2018-07-11,공작,6.87
523,2018-07-11,메가로돈,6.73
524,2018-07-11,조선명탐정: 흡혈괴마의 비밀,6.65
525,2018-07-11,곤지암,6.47
526,2018-07-11,목격자,5.66
527,2018-07-11,인랑,3.87
528,2018-07-12,당갈,9.52
529,2018-07-12,허스토리,9.35
530,2018-07-12,"지금, 만나러 갑니다",9.34
531,2018-07-12,인크레더블 2,9.27
532,2018-07-12,1987,9.25
533,2018-07-12,극장판 헬로카봇 : 백악기 시대,9.24
534,2018-07-12,명탐정 코난 : 제로의 집행인,9.23
535,2018-07-12,어느 가족,9.22
536,2018-07-12,러빙 빈센트,9.19
537,2018-07-12,내 사랑,9.17
538,2018-07-12,미션 임파서블: 폴아웃,9.14
539,2018-07-12,맘마미아!2,9.07
540,2018-07-12,어벤져스: 인피니티 워,8.95
541,2018-07-12,너의 결혼식,8.94
542,2018-07-12,그것만이 내 세상,8.92
543,2018-07-12,바르다가 사랑한 얼굴들,8.91
544,2018-07-12,소공녀,8.88
545,2018-07-12,비포 선라이즈,8.88
546,2018-07-12,극장판 도라에몽: 진구의 보물섬,8.78
547,2018-07-12,신비아파트: 금빛 도깨비와 비밀의 동굴,8.76
548,2018-07-12,바닷마을 다이어리,8.74
549,2018-07-12,"부르고뉴, 와인에서 찾은 인생",8.71
550,2018-07-12,앤트맨과 와스프,8.66
551,2018-07-12,걸어도 걸어도,8.64
552,2018-07-12,안경,8.6
553,2018-07-12,몬스터 호텔 3,8.59
554,2018-07-12,아비정전,8.51
555,2018-07-12,이별의 아침에 약속의 꽃을 장식하자,8.49
556,2018-07-12,시카리오: 데이 오브 솔다도,8.48
557,2018-07-12,탐정: 리턴즈,8.44
558,2018-07-12,나를 차버린 스파이,8.38
559,2018-07-12,카모메 식당,8.38
560,2018-07-12,신은 죽지 않았다 3: 어둠 속의 빛,8.37
561,2018-07-12,노인을 위한 나라는 없다,8.2
562,2018-07-12,고양이를 빌려드립니다,8.08
563,2018-07-12,파리로 가는 길,7.9
564,2018-07-12,아이 엠 러브,7.89
565,2018-07-12,한여름의 판타지아,7.83
566,2018-07-12,세 번째 살인,7.78
567,2018-07-12,신과함께-인과 연,7.73
568,2018-07-12,콜 미 바이 유어 네임,7.55
569,2018-07-12,킬링 디어,7.16
570,2018-07-12,공작,6.87
571,2018-07-12,메가로돈,6.73
572,2018-07-12,조선명탐정: 흡혈괴마의 비밀,6.65
573,2018-07-12,곤지암,6.47
574,2018-07-12,목격자,5.66
575,2018-07-12,인랑,3.87
576,2018-07-13,당갈,9.52
577,2018-07-13,허스토리,9.35
578,2018-07-13,"지금, 만나러 갑니다",9.34
579,2018-07-13,인크레더블 2,9.27
580,2018-07-13,1987,9.25
581,2018-07-13,극장판 헬로카봇 : 백악기 시대,9.24
582,2018-07-13,명탐정 코난 : 제로의 집행인,9.23
583,2018-07-13,어느 가족,9.22
584,2018-07-13,러빙 빈센트,9.19
585,2018-07-13,내 사랑,9.17
586,2018-07-13,미션 임파서블: 폴아웃,9.14
587,2018-07-13,맘마미아!2,9.07
588,2018-07-13,어벤져스: 인피니티 워,8.95
589,2018-07-13,너의 결혼식,8.94
590,2018-07-13,그것만이 내 세상,8.92
591,2018-07-13,바르다가 사랑한 얼굴들,8.91
592,2018-07-13,소공녀,8.88
593,2018-07-13,비포 선라이즈,8.88
594,2018-07-13,극장판 도라에몽: 진구의 보물섬,8.78
595,2018-07-13,신비아파트: 금빛 도깨비와 비밀의 동굴,8.76
596,2018-07-13,바닷마을 다이어리,8.74
597,2018-07-13,"부르고뉴, 와인에서 찾은 인생",8.71
598,2018-07-13,앤트맨과 와스프,8.66
599,2018-07-13,걸어도 걸어도,8.64
600,2018-07-13,안경,8.6
601,2018-07-13,몬스터 호텔 3,8.59
602,2018-07-13,아비정전,8.51
603,2018-07-13,이별의 아침에 약속의 꽃을 장식하자,8.49
604,2018-07-13,시카리오: 데이 오브 솔다도,8.48
605,2018-07-13,탐정: 리턴즈,8.44
606,2018-07-13,나를 차버린 스파이,8.38
607,2018-07-13,카모메 식당,8.38
608,2018-07-13,신은 죽지 않았다 3: 어둠 속의 빛,8.37
609,2018-07-13,노인을 위한 나라는 없다,8.2
610,2018-07-13,고양이를 빌려드립니다,8.08
611,2018-07-13,파리로 가는 길,7.9
612,2018-07-13,아이 엠 러브,7.89
613,2018-07-13,한여름의 판타지아,7.83
614,2018-07-13,세 번째 살인,7.78
615,2018-07-13,신과함께-인과 연,7.73
616,2018-07-13,콜 미 바이 유어 네임,7.55
617,2018-07-13,킬링 디어,7.16
618,2018-07-13,공작,6.87
619,2018-07-13,메가로돈,6.73
620,2018-07-13,조선명탐정: 흡혈괴마의 비밀,6.65
621,2018-07-13,곤지암,6.47
622,2018-07-13,목격자,5.66
623,2018-07-13,인랑,3.87
624,2018-07-14,당갈,9.52
625,2018-07-14,허스토리,9.35
626,2018-07-14,"지금, 만나러 갑니다",9.34
627,2018-07-14,인크레더블 2,9.27
628,2018-07-14,1987,9.25
629,2018-07-14,극장판 헬로카봇 : 백악기 시대,9.24
630,2018-07-14,명탐정 코난 : 제로의 집행인,9.23
631,2018-07-14,어느 가족,9.22
632,2018-07-14,러빙 빈센트,9.19
633,2018-07-14,내 사랑,9.17
634,2018-07-14,미션 임파서블: 폴아웃,9.14
635,2018-07-14,맘마미아!2,9.07
636,2018-07-14,어벤져스: 인피니티 워,8.95
637,2018-07-14,너의 결혼식,8.94
638,2018-07-14,그것만이 내 세상,8.92
639,2018-07-14,바르다가 사랑한 얼굴들,8.91
640,2018-07-14,소공녀,8.88
641,2018-07-14,비포 선라이즈,8.88
642,2018-07-14,극장판 도라에몽: 진구의 보물섬,8.78
643,2018-07-14,신비아파트: 금빛 도깨비와 비밀의 동굴,8.76
644,2018-07-14,바닷마을 다이어리,8.74
645,2018-07-14,"부르고뉴, 와인에서 찾은 인생",8.71
646,2018-07-14,앤트맨과 와스프,8.66
647,2018-07-14,걸어도 걸어도,8.64
648,2018-07-14,안경,8.6
649,2018-07-14,몬스터 호텔 3,8.59
650,2018-07-14,아비정전,8.51
651,2018-07-14,이별의 아침에 약속의 꽃을 장식하자,8.49
652,2018-07-14,시카리오: 데이 오브 솔다도,8.48
653,2018-07-14,탐정: 리턴즈,8.44
654,2018-07-14,나를 차버린 스파이,8.38
655,2018-07-14,카모메 식당,8.38
656,2018-07-14,신은 죽지 않았다 3: 어둠 속의 빛,8.37
657,2018-07-14,노인을 위한 나라는 없다,8.2
658,2018-07-14,고양이를 빌려드립니다,8.08
659,2018-07-14,파리로 가는 길,7.9
660,2018-07-14,아이 엠 러브,7.89
661,2018-07-14,한여름의 판타지아,7.83
662,2018-07-14,세 번째 살인,7.78
663,2018-07-14,신과함께-인과 연,7.73
664,2018-07-14,콜 미 바이 유어 네임,7.55
665,2018-07-14,킬링 디어,7.16
666,2018-07-14,공작,6.87
667,2018-07-14,메가로돈,6.73
668,2018-07-14,조선명탐정: 흡혈괴마의 비밀,6.65
669,2018-07-14,곤지암,6.47
670,2018-07-14,목격자,5.66
671,2018-07-14,인랑,3.87
672,2018-07-15,당갈,9.52
673,2018-07-15,허스토리,9.35
674,2018-07-15,"지금, 만나러 갑니다",9.34
675,2018-07-15,인크레더블 2,9.27
676,2018-07-15,1987,9.25
677,2018-07-15,극장판 헬로카봇 : 백악기 시대,9.24
678,2018-07-15,명탐정 코난 : 제로의 집행인,9.23
679,2018-07-15,어느 가족,9.22
680,2018-07-15,러빙 빈센트,9.19
681,2018-07-15,내 사랑,9.17
682,2018-07-15,미션 임파서블: 폴아웃,9.14
683,2018-07-15,맘마미아!2,9.07
684,2018-07-15,어벤져스: 인피니티 워,8.95
685,2018-07-15,너의 결혼식,8.94
686,2018-07-15,그것만이 내 세상,8.92
687,2018-07-15,바르다가 사랑한 얼굴들,8.91
688,2018-07-15,소공녀,8.88
689,2018-07-15,비포 선라이즈,8.88
690,2018-07-15,극장판 도라에몽: 진구의 보물섬,8.78
691,2018-07-15,신비아파트: 금빛 도깨비와 비밀의 동굴,8.76
692,2018-07-15,바닷마을 다이어리,8.74
693,2018-07-15,"부르고뉴, 와인에서 찾은 인생",8.71
694,2018-07-15,앤트맨과 와스프,8.66
695,2018-07-15,걸어도 걸어도,8.64
696,2018-07-15,안경,8.6
697,2018-07-15,몬스터 호텔 3,8.59
698,2018-07-15,아비정전,8.51
699,2018-07-15,이별의 아침에 약속의 꽃을 장식하자,8.49
700,2018-07-15,시카리오: 데이 오브 솔다도,8.48
701,2018-07-15,탐정: 리턴즈,8.44
702,2018-07-15,나를 차버린 스파이,8.38
703,2018-07-15,카모메 식당,8.38
704,2018-07-15,신은 죽지 않았다 3: 어둠 속의 빛,8.37
705,2018-07-15,노인을 위한 나라는 없다,8.2
706,2018-07-15,고양이를 빌려드립니다,8.08
707,2018-07-15,파리로 가는 길,7.9
708,2018-07-15,아이 엠 러브,7.89
709,2018-07-15,한여름의 판타지아,7.83
710,2018-07-15,세 번째 살인,7.78
711,2018-07-15,신과함께-인과 연,7.73
712,2018-07-15,콜 미 바이 유어 네임,7.55
713,2018-07-15,킬링 디어,7.16
714,2018-07-15,공작,6.87
715,2018-07-15,메가로돈,6.73
716,2018-07-15,조선명탐정: 흡혈괴마의 비밀,6.65
717,2018-07-15,곤지암,6.47
718,2018-07-15,목격자,5.66
719,2018-07-15,인랑,3.87
720,2018-07-16,당갈,9.52
721,2018-07-16,허스토리,9.35
722,2018-07-16,"지금, 만나러 갑니다",9.34
723,2018-07-16,인크레더블 2,9.27
724,2018-07-16,1987,9.25
725,2018-07-16,극장판 헬로카봇 : 백악기 시대,9.24
726,2018-07-16,명탐정 코난 : 제로의 집행인,9.23
727,2018-07-16,어느 가족,9.22
728,2018-07-16,러빙 빈센트,9.19
729,2018-07-16,내 사랑,9.17
730,2018-07-16,미션 임파서블: 폴아웃,9.14
731,2018-07-16,맘마미아!2,9.07
732,2018-07-16,어벤져스: 인피니티 워,8.95
733,2018-07-16,너의 결혼식,8.94
734,2018-07-16,그것만이 내 세상,8.92
735,2018-07-16,바르다가 사랑한 얼굴들,8.91
736,2018-07-16,소공녀,8.88
737,2018-07-16,비포 선라이즈,8.88
738,2018-07-16,극장판 도라에몽: 진구의 보물섬,8.78
739,2018-07-16,신비아파트: 금빛 도깨비와 비밀의 동굴,8.76
740,2018-07-16,바닷마을 다이어리,8.74
741,2018-07-16,"부르고뉴, 와인에서 찾은 인생",8.71
742,2018-07-16,앤트맨과 와스프,8.66
743,2018-07-16,걸어도 걸어도,8.64
744,2018-07-16,안경,8.6
745,2018-07-16,몬스터 호텔 3,8.59
746,2018-07-16,아비정전,8.51
747,2018-07-16,이별의 아침에 약속의 꽃을 장식하자,8.49
748,2018-07-16,시카리오: 데이 오브 솔다도,8.48
749,2018-07-16,탐정: 리턴즈,8.44
750,2018-07-16,나를 차버린 스파이,8.38
751,2018-07-16,카모메 식당,8.38
752,2018-07-16,신은 죽지 않았다 3: 어둠 속의 빛,8.37
753,2018-07-16,노인을 위한 나라는 없다,8.2
754,2018-07-16,고양이를 빌려드립니다,8.08
755,2018-07-16,파리로 가는 길,7.9
756,2018-07-16,아이 엠 러브,7.89
757,2018-07-16,한여름의 판타지아,7.83
758,2018-07-16,세 번째 살인,7.78
759,2018-07-16,신과함께-인과 연,7.73
760,2018-07-16,콜 미 바이 유어 네임,7.55
761,2018-07-16,킬링 디어,7.16
762,2018-07-16,공작,6.87
763,2018-07-16,메가로돈,6.73
764,2018-07-16,조선명탐정: 흡혈괴마의 비밀,6.65
765,2018-07-16,곤지암,6.47
766,2018-07-16,목격자,5.66
767,2018-07-16,인랑,3.87
768,2018-07-17,당갈,9.52
769,2018-07-17,허스토리,9.35
770,2018-07-17,"지금, 만나러 갑니다",9.34
771,2018-07-17,인크레더블 2,9.27
772,2018-07-17,1987,9.25
773,2018-07-17,극장판 헬로카봇 : 백악기 시대,9.24
774,2018-07-17,명탐정 코난 : 제로의 집행인,9.23
775,2018-07-17,어느 가족,9.22
776,2018-07-17,러빙 빈센트,9.19
777,2018-07-17,내 사랑,9.17
778,2018-07-17,미션 임파서블: 폴아웃,9.14
779,2018-07-17,맘마미아!2,9.07
780,2018-07-17,어벤져스: 인피니티 워,8.95
781,2018-07-17,너의 결혼식,8.94
782,2018-07-17,그것만이 내 세상,8.92
783,2018-07-17,바르다가 사랑한 얼굴들,8.91
784,2018-07-17,소공녀,8.88
785,2018-07-17,비포 선라이즈,8.88
786,2018-07-17,극장판 도라에몽: 진구의 보물섬,8.78
787,2018-07-17,신비아파트: 금빛 도깨비와 비밀의 동굴,8.76
788,2018-07-17,바닷마을 다이어리,8.74
789,2018-07-17,"부르고뉴, 와인에서 찾은 인생",8.71
790,2018-07-17,앤트맨과 와스프,8.66
791,2018-07-17,걸어도 걸어도,8.64
792,2018-07-17,안경,8.6
793,2018-07-17,몬스터 호텔 3,8.59
794,2018-07-17,아비정전,8.51
795,2018-07-17,이별의 아침에 약속의 꽃을 장식하자,8.49
796,2018-07-17,시카리오: 데이 오브 솔다도,8.48
797,2018-07-17,탐정: 리턴즈,8.44
798,2018-07-17,나를 차버린 스파이,8.38
799,2018-07-17,카모메 식당,8.38
800,2018-07-17,신은 죽지 않았다 3: 어둠 속의 빛,8.37
801,2018-07-17,노인을 위한 나라는 없다,8.2
802,2018-07-17,고양이를 빌려드립니다,8.08
803,2018-07-17,파리로 가는 길,7.9
804,2018-07-17,아이 엠 러브,7.89
805,2018-07-17,한여름의 판타지아,7.83
806,2018-07-17,세 번째 살인,7.78
807,2018-07-17,신과함께-인과 연,7.73
808,2018-07-17,콜 미 바이 유어 네임,7.55
809,2018-07-17,킬링 디어,7.16
810,2018-07-17,공작,6.87
811,2018-07-17,메가로돈,6.73
812,2018-07-17,조선명탐정: 흡혈괴마의 비밀,6.65
813,2018-07-17,곤지암,6.47
814,2018-07-17,목격자,5.66
815,2018-07-17,인랑,3.87
816,2018-07-18,당갈,9.52
817,2018-07-18,허스토리,9.35
818,2018-07-18,"지금, 만나러 갑니다",9.34
819,2018-07-18,인크레더블 2,9.27
820,2018-07-18,1987,9.25
821,2018-07-18,극장판 헬로카봇 : 백악기 시대,9.24
822,2018-07-18,명탐정 코난 : 제로의 집행인,9.23
823,2018-07-18,어느 가족,9.22
824,2018-07-18,러빙 빈센트,9.19
825,2018-07-18,내 사랑,9.17
826,2018-07-18,미션 임파서블: 폴아웃,9.14
827,2018-07-18,맘마미아!2,9.07
828,2018-07-18,어벤져스: 인피니티 워,8.95
829,2018-07-18,너의 결혼식,8.94
830,2018-07-18,그것만이 내 세상,8.92
831,2018-07-18,바르다가 사랑한 얼굴들,8.91
832,2018-07-18,소공녀,8.88
833,2018-07-18,비포 선라이즈,8.88
834,2018-07-18,극장판 도라에몽: 진구의 보물섬,8.78
835,2018-07-18,신비아파트: 금빛 도깨비와 비밀의 동굴,8.76
836,2018-07-18,바닷마을 다이어리,8.74
837,2018-07-18,"부르고뉴, 와인에서 찾은 인생",8.71
838,2018-07-18,앤트맨과 와스프,8.66
839,2018-07-18,걸어도 걸어도,8.64
840,2018-07-18,안경,8.6
841,2018-07-18,몬스터 호텔 3,8.59
842,2018-07-18,아비정전,8.51
843,2018-07-18,이별의 아침에 약속의 꽃을 장식하자,8.49
844,2018-07-18,시카리오: 데이 오브 솔다도,8.48
845,2018-07-18,탐정: 리턴즈,8.44
846,2018-07-18,나를 차버린 스파이,8.38
847,2018-07-18,카모메 식당,8.38
848,2018-07-18,신은 죽지 않았다 3: 어둠 속의 빛,8.37
849,2018-07-18,노인을 위한 나라는 없다,8.2
850,2018-07-18,고양이를 빌려드립니다,8.08
851,2018-07-18,파리로 가는 길,7.9
852,2018-07-18,아이 엠 러브,7.89
853,2018-07-18,한여름의 판타지아,7.83
854,2018-07-18,세 번째 살인,7.78
855,2018-07-18,신과함께-인과 연,7.73
856,2018-07-18,콜 미 바이 유어 네임,7.55
857,2018-07-18,킬링 디어,7.16
858,2018-07-18,공작,6.87
859,2018-07-18,메가로돈,6.73
860,2018-07-18,조선명탐정: 흡혈괴마의 비밀,6.65
861,2018-07-18,곤지암,6.47
862,2018-07-18,목격자,5.66
863,2018-07-18,인랑,3.87
864,2018-07-19,당갈,9.52
865,2018-07-19,허스토리,9.35
866,2018-07-19,"지금, 만나러 갑니다",9.34
867,2018-07-19,인크레더블 2,9.27
868,2018-07-19,1987,9.25
869,2018-07-19,극장판 헬로카봇 : 백악기 시대,9.24
870,2018-07-19,명탐정 코난 : 제로의 집행인,9.23
871,2018-07-19,어느 가족,9.22
872,2018-07-19,러빙 빈센트,9.19
873,2018-07-19,내 사랑,9.17
874,2018-07-19,미션 임파서블: 폴아웃,9.14
875,2018-07-19,맘마미아!2,9.07
876,2018-07-19,어벤져스: 인피니티 워,8.95
877,2018-07-19,너의 결혼식,8.94
878,2018-07-19,그것만이 내 세상,8.92
879,2018-07-19,바르다가 사랑한 얼굴들,8.91
880,2018-07-19,소공녀,8.88
881,2018-07-19,비포 선라이즈,8.88
882,2018-07-19,극장판 도라에몽: 진구의 보물섬,8.78
883,2018-07-19,신비아파트: 금빛 도깨비와 비밀의 동굴,8.76
884,2018-07-19,바닷마을 다이어리,8.74
885,2018-07-19,"부르고뉴, 와인에서 찾은 인생",8.71
886,2018-07-19,앤트맨과 와스프,8.66
887,2018-07-19,걸어도 걸어도,8.64
888,2018-07-19,안경,8.6
889,2018-07-19,몬스터 호텔 3,8.59
890,2018-07-19,아비정전,8.51
891,2018-07-19,이별의 아침에 약속의 꽃을 장식하자,8.49
892,2018-07-19,시카리오: 데이 오브 솔다도,8.48
893,2018-07-19,탐정: 리턴즈,8.44
894,2018-07-19,나를 차버린 스파이,8.38
895,2018-07-19,카모메 식당,8.38
896,2018-07-19,신은 죽지 않았다 3: 어둠 속의 빛,8.37
897,2018-07-19,노인을 위한 나라는 없다,8.2
898,2018-07-19,고양이를 빌려드립니다,8.08
899,2018-07-19,파리로 가는 길,7.9
900,2018-07-19,아이 엠 러브,7.89
901,2018-07-19,한여름의 판타지아,7.83
902,2018-07-19,세 번째 살인,7.78
903,2018-07-19,신과함께-인과 연,7.73
904,2018-07-19,콜 미 바이 유어 네임,7.55
905,2018-07-19,킬링 디어,7.16
906,2018-07-19,공작,6.87
907,2018-07-19,메가로돈,6.73
908,2018-07-19,조선명탐정: 흡혈괴마의 비밀,6.65
909,2018-07-19,곤지암,6.47
910,2018-07-19,목격자,5.66
911,2018-07-19,인랑,3.87
912,2018-07-20,당갈,9.52
913,2018-07-20,허스토리,9.35
914,2018-07-20,"지금, 만나러 갑니다",9.34
915,2018-07-20,인크레더블 2,9.27
916,2018-07-20,1987,9.25
917,2018-07-20,극장판 헬로카봇 : 백악기 시대,9.24
918,2018-07-20,명탐정 코난 : 제로의 집행인,9.23
919,2018-07-20,어느 가족,9.22
920,2018-07-20,러빙 빈센트,9.19
921,2018-07-20,내 사랑,9.17
922,2018-07-20,미션 임파서블: 폴아웃,9.14
923,2018-07-20,맘마미아!2,9.07
924,2018-07-20,어벤져스: 인피니티 워,8.95
925,2018-07-20,너의 결혼식,8.94
926,2018-07-20,그것만이 내 세상,8.92
927,2018-07-20,바르다가 사랑한 얼굴들,8.91
928,2018-07-20,소공녀,8.88
929,2018-07-20,비포 선라이즈,8.88
930,2018-07-20,극장판 도라에몽: 진구의 보물섬,8.78
931,2018-07-20,신비아파트: 금빛 도깨비와 비밀의 동굴,8.76
932,2018-07-20,바닷마을 다이어리,8.74
933,2018-07-20,"부르고뉴, 와인에서 찾은 인생",8.71
934,2018-07-20,앤트맨과 와스프,8.66
935,2018-07-20,걸어도 걸어도,8.64
936,2018-07-20,안경,8.6
937,2018-07-20,몬스터 호텔 3,8.59
938,2018-07-20,아비정전,8.51
939,2018-07-20,이별의 아침에 약속의 꽃을 장식하자,8.49
940,2018-07-20,시카리오: 데이 오브 솔다도,8.48
941,2018-07-20,탐정: 리턴즈,8.44
942,2018-07-20,나를 차버린 스파이,8.38
943,2018-07-20,카모메 식당,8.38
944,2018-07-20,신은 죽지 않았다 3: 어둠 속의 빛,8.37
945,2018-07-20,노인을 위한 나라는 없다,8.2
946,2018-07-20,고양이를 빌려드립니다,8.08
947,2018-07-20,파리로 가는 길,7.9
948,2018-07-20,아이 엠 러브,7.89
949,2018-07-20,한여름의 판타지아,7.83
950,2018-07-20,세 번째 살인,7.78
951,2018-07-20,신과함께-인과 연,7.73
952,2018-07-20,콜 미 바이 유어 네임,7.55
953,2018-07-20,킬링 디어,7.16
954,2018-07-20,공작,6.87
955,2018-07-20,메가로돈,6.73
956,2018-07-20,조선명탐정: 흡혈괴마의 비밀,6.65
957,2018-07-20,곤지암,6.47
958,2018-07-20,목격자,5.66
959,2018-07-20,인랑,3.87
960,2018-07-21,당갈,9.52
961,2018-07-21,허스토리,9.35
962,2018-07-21,"지금, 만나러 갑니다",9.34
963,2018-07-21,인크레더블 2,9.27
964,2018-07-21,1987,9.25
965,2018-07-21,극장판 헬로카봇 : 백악기 시대,9.24
966,2018-07-21,명탐정 코난 : 제로의 집행인,9.23
967,2018-07-21,어느 가족,9.22
968,2018-07-21,러빙 빈센트,9.19
969,2018-07-21,내 사랑,9.17
970,2018-07-21,미션 임파서블: 폴아웃,9.14
971,2018-07-21,맘마미아!2,9.07
972,2018-07-21,어벤져스: 인피니티 워,8.95
973,2018-07-21,너의 결혼식,8.94
974,2018-07-21,그것만이 내 세상,8.92
975,2018-07-21,바르다가 사랑한 얼굴들,8.91
976,2018-07-21,소공녀,8.88
977,2018-07-21,비포 선라이즈,8.88
978,2018-07-21,극장판 도라에몽: 진구의 보물섬,8.78
979,2018-07-21,신비아파트: 금빛 도깨비와 비밀의 동굴,8.76
980,2018-07-21,바닷마을 다이어리,8.74
981,2018-07-21,"부르고뉴, 와인에서 찾은 인생",8.71
982,2018-07-21,앤트맨과 와스프,8.66
983,2018-07-21,걸어도 걸어도,8.64
984,2018-07-21,안경,8.6
985,2018-07-21,몬스터 호텔 3,8.59
986,2018-07-21,아비정전,8.51
987,2018-07-21,이별의 아침에 약속의 꽃을 장식하자,8.49
988,2018-07-21,시카리오: 데이 오브 솔다도,8.48
989,2018-07-21,탐정: 리턴즈,8.44
990,2018-07-21,나를 차버린 스파이,8.38
991,2018-07-21,카모메 식당,8.38
992,2018-07-21,신은 죽지 않았다 3: 어둠 속의 빛,8.37
993,2018-07-21,노인을 위한 나라는 없다,8.2
994,2018-07-21,고양이를 빌려드립니다,8.08
995,2018-07-21,파리로 가는 길,7.9
996,2018-07-21,아이 엠 러브,7.89
997,2018-07-21,한여름의 판타지아,7.83
998,2018-07-21,세 번째 살인,7.78
999,2018-07-21,신과함께-인과 연,7.73
1000,2018-07-21,콜 미 바이 유어 네임,7.55
1001,2018-07-21,킬링 디어,7.16
1002,2018-07-21,공작,6.87
1003,2018-07-21,메가로돈,6.73
1004,2018-07-21,조선명탐정: 흡혈괴마의 비밀,6.65
1005,2018-07-21,곤지암,6.47
1006,2018-07-21,목격자,5.66
1007,2018-07-21,인랑,3.87
1008,2018-07-22,당갈,9.52
1009,2018-07-22,허스토리,9.35
1010,2018-07-22,"지금, 만나러 갑니다",9.34
1011,2018-07-22,인크레더블 2,9.27
1012,2018-07-22,1987,9.25
1013,2018-07-22,극장판 헬로카봇 : 백악기 시대,9.24
1014,2018-07-22,명탐정 코난 : 제로의 집행인,9.23
1015,2018-07-22,어느 가족,9.22
1016,2018-07-22,러빙 빈센트,9.19
1017,2018-07-22,내 사랑,9.17
1018,2018-07-22,미션 임파서블: 폴아웃,9.14
1019,2018-07-22,맘마미아!2,9.07
1020,2018-07-22,어벤져스: 인피니티 워,8.95
1021,2018-07-22,너의 결혼식,8.94
1022,2018-07-22,그것만이 내 세상,8.92
1023,2018-07-22,바르다가 사랑한 얼굴들,8.91
1024,2018-07-22,소공녀,8.88
1025,2018-07-22,비포 선라이즈,8.88
1026,2018-07-22,극장판 도라에몽: 진구의 보물섬,8.78
1027,2018-07-22,신비아파트: 금빛 도깨비와 비밀의 동굴,8.76
1028,2018-07-22,바닷마을 다이어리,8.74
1029,2018-07-22,"부르고뉴, 와인에서 찾은 인생",8.71
1030,2018-07-22,앤트맨과 와스프,8.66
1031,2018-07-22,걸어도 걸어도,8.64
1032,2018-07-22,안경,8.6
1033,2018-07-22,몬스터 호텔 3,8.59
1034,2018-07-22,아비정전,8.51
1035,2018-07-22,이별의 아침에 약속의 꽃을 장식하자,8.49
1036,2018-07-22,시카리오: 데이 오브 솔다도,8.48
1037,2018-07-22,탐정: 리턴즈,8.44
1038,2018-07-22,나를 차버린 스파이,8.38
1039,2018-07-22,카모메 식당,8.38
1040,2018-07-22,신은 죽지 않았다 3: 어둠 속의 빛,8.37
1041,2018-07-22,노인을 위한 나라는 없다,8.2
1042,2018-07-22,고양이를 빌려드립니다,8.08
1043,2018-07-22,파리로 가는 길,7.9
1044,2018-07-22,아이 엠 러브,7.89
1045,2018-07-22,한여름의 판타지아,7.83
1046,2018-07-22,세 번째 살인,7.78
1047,2018-07-22,신과함께-인과 연,7.73
1048,2018-07-22,콜 미 바이 유어 네임,7.55
1049,2018-07-22,킬링 디어,7.16
1050,2018-07-22,공작,6.87
1051,2018-07-22,메가로돈,6.73
1052,2018-07-22,조선명탐정: 흡혈괴마의 비밀,6.65
1053,2018-07-22,곤지암,6.47
1054,2018-07-22,목격자,5.66
1055,2018-07-22,인랑,3.87
1056,2018-07-23,당갈,9.52
1057,2018-07-23,허스토리,9.35
1058,2018-07-23,"지금, 만나러 갑니다",9.34
1059,2018-07-23,인크레더블 2,9.27
1060,2018-07-23,1987,9.25
1061,2018-07-23,극장판 헬로카봇 : 백악기 시대,9.24
1062,2018-07-23,명탐정 코난 : 제로의 집행인,9.23
1063,2018-07-23,어느 가족,9.22
1064,2018-07-23,러빙 빈센트,9.19
1065,2018-07-23,내 사랑,9.17
1066,2018-07-23,미션 임파서블: 폴아웃,9.14
1067,2018-07-23,맘마미아!2,9.07
1068,2018-07-23,어벤져스: 인피니티 워,8.95
1069,2018-07-23,너의 결혼식,8.94
1070,2018-07-23,그것만이 내 세상,8.92
1071,2018-07-23,바르다가 사랑한 얼굴들,8.91
1072,2018-07-23,소공녀,8.88
1073,2018-07-23,비포 선라이즈,8.88
1074,2018-07-23,극장판 도라에몽: 진구의 보물섬,8.78
1075,2018-07-23,신비아파트: 금빛 도깨비와 비밀의 동굴,8.76
1076,2018-07-23,바닷마을 다이어리,8.74
1077,2018-07-23,"부르고뉴, 와인에서 찾은 인생",8.71
1078,2018-07-23,앤트맨과 와스프,8.66
1079,2018-07-23,걸어도 걸어도,8.64
1080,2018-07-23,안경,8.6
1081,2018-07-23,몬스터 호텔 3,8.59
1082,2018-07-23,아비정전,8.51
1083,2018-07-23,이별의 아침에 약속의 꽃을 장식하자,8.49
1084,2018-07-23,시카리오: 데이 오브 솔다도,8.48
1085,2018-07-23,탐정: 리턴즈,8.44
1086,2018-07-23,나를 차버린 스파이,8.38
1087,2018-07-23,카모메 식당,8.38
1088,2018-07-23,신은 죽지 않았다 3: 어둠 속의 빛,8.37
1089,2018-07-23,노인을 위한 나라는 없다,8.2
1090,2018-07-23,고양이를 빌려드립니다,8.08
1091,2018-07-23,파리로 가는 길,7.9
1092,2018-07-23,아이 엠 러브,7.89
1093,2018-07-23,한여름의 판타지아,7.83
1094,2018-07-23,세 번째 살인,7.78
1095,2018-07-23,신과함께-인과 연,7.73
1096,2018-07-23,콜 미 바이 유어 네임,7.55
1097,2018-07-23,킬링 디어,7.16
1098,2018-07-23,공작,6.87
1099,2018-07-23,메가로돈,6.73
1100,2018-07-23,조선명탐정: 흡혈괴마의 비밀,6.65
1101,2018-07-23,곤지암,6.47
1102,2018-07-23,목격자,5.66
1103,2018-07-23,인랑,3.87
1104,2018-07-24,당갈,9.52
1105,2018-07-24,허스토리,9.35
1106,2018-07-24,"지금, 만나러 갑니다",9.34
1107,2018-07-24,인크레더블 2,9.27
1108,2018-07-24,1987,9.25
1109,2018-07-24,극장판 헬로카봇 : 백악기 시대,9.24
1110,2018-07-24,명탐정 코난 : 제로의 집행인,9.23
1111,2018-07-24,어느 가족,9.22
1112,2018-07-24,러빙 빈센트,9.19
1113,2018-07-24,내 사랑,9.17
1114,2018-07-24,미션 임파서블: 폴아웃,9.14
1115,2018-07-24,맘마미아!2,9.07
1116,2018-07-24,어벤져스: 인피니티 워,8.95
1117,2018-07-24,너의 결혼식,8.94
1118,2018-07-24,그것만이 내 세상,8.92
1119,2018-07-24,바르다가 사랑한 얼굴들,8.91
1120,2018-07-24,소공녀,8.88
1121,2018-07-24,비포 선라이즈,8.88
1122,2018-07-24,극장판 도라에몽: 진구의 보물섬,8.78
1123,2018-07-24,신비아파트: 금빛 도깨비와 비밀의 동굴,8.76
1124,2018-07-24,바닷마을 다이어리,8.74
1125,2018-07-24,"부르고뉴, 와인에서 찾은 인생",8.71
1126,2018-07-24,앤트맨과 와스프,8.66
1127,2018-07-24,걸어도 걸어도,8.64
1128,2018-07-24,안경,8.6
1129,2018-07-24,몬스터 호텔 3,8.59
1130,2018-07-24,아비정전,8.51
1131,2018-07-24,이별의 아침에 약속의 꽃을 장식하자,8.49
1132,2018-07-24,시카리오: 데이 오브 솔다도,8.48
1133,2018-07-24,탐정: 리턴즈,8.44
1134,2018-07-24,나를 차버린 스파이,8.38
1135,2018-07-24,카모메 식당,8.38
1136,2018-07-24,신은 죽지 않았다 3: 어둠 속의 빛,8.37
1137,2018-07-24,노인을 위한 나라는 없다,8.2
1138,2018-07-24,고양이를 빌려드립니다,8.08
1139,2018-07-24,파리로 가는 길,7.9
1140,2018-07-24,아이 엠 러브,7.89
1141,2018-07-24,한여름의 판타지아,7.83
1142,2018-07-24,세 번째 살인,7.78
1143,2018-07-24,신과함께-인과 연,7.73
1144,2018-07-24,콜 미 바이 유어 네임,7.55
1145,2018-07-24,킬링 디어,7.16
1146,2018-07-24,공작,6.87
1147,2018-07-24,메가로돈,6.73
1148,2018-07-24,조선명탐정: 흡혈괴마의 비밀,6.65
1149,2018-07-24,곤지암,6.47
1150,2018-07-24,목격자,5.66
1151,2018-07-24,인랑,3.87
1152,2018-07-25,당갈,9.52
1153,2018-07-25,허스토리,9.35
1154,2018-07-25,"지금, 만나러 갑니다",9.34
1155,2018-07-25,인크레더블 2,9.27
1156,2018-07-25,1987,9.25
1157,2018-07-25,극장판 헬로카봇 : 백악기 시대,9.24
1158,2018-07-25,명탐정 코난 : 제로의 집행인,9.23
1159,2018-07-25,어느 가족,9.22
1160,2018-07-25,러빙 빈센트,9.19
1161,2018-07-25,내 사랑,9.17
1162,2018-07-25,미션 임파서블: 폴아웃,9.14
1163,2018-07-25,맘마미아!2,9.07
1164,2018-07-25,어벤져스: 인피니티 워,8.95
1165,2018-07-25,너의 결혼식,8.94
1166,2018-07-25,그것만이 내 세상,8.92
1167,2018-07-25,바르다가 사랑한 얼굴들,8.91
1168,2018-07-25,소공녀,8.88
1169,2018-07-25,비포 선라이즈,8.88
1170,2018-07-25,극장판 도라에몽: 진구의 보물섬,8.78
1171,2018-07-25,신비아파트: 금빛 도깨비와 비밀의 동굴,8.76
1172,2018-07-25,바닷마을 다이어리,8.74
1173,2018-07-25,"부르고뉴, 와인에서 찾은 인생",8.71
1174,2018-07-25,앤트맨과 와스프,8.66
1175,2018-07-25,걸어도 걸어도,8.64
1176,2018-07-25,안경,8.6
1177,2018-07-25,몬스터 호텔 3,8.59
1178,2018-07-25,아비정전,8.51
1179,2018-07-25,이별의 아침에 약속의 꽃을 장식하자,8.49
1180,2018-07-25,시카리오: 데이 오브 솔다도,8.48
1181,2018-07-25,탐정: 리턴즈,8.44
1182,2018-07-25,나를 차버린 스파이,8.38
1183,2018-07-25,카모메 식당,8.38
1184,2018-07-25,신은 죽지 않았다 3: 어둠 속의 빛,8.37
1185,2018-07-25,노인을 위한 나라는 없다,8.2
1186,2018-07-25,고양이를 빌려드립니다,8.08
1187,2018-07-25,파리로 가는 길,7.9
1188,2018-07-25,아이 엠 러브,7.89
1189,2018-07-25,한여름의 판타지아,7.83
1190,2018-07-25,세 번째 살인,7.78
1191,2018-07-25,신과함께-인과 연,7.73
1192,2018-07-25,콜 미 바이 유어 네임,7.55
1193,2018-07-25,킬링 디어,7.16
1194,2018-07-25,공작,6.87
1195,2018-07-25,메가로돈,6.73
1196,2018-07-25,조선명탐정: 흡혈괴마의 비밀,6.65
1197,2018-07-25,곤지암,6.47
1198,2018-07-25,목격자,5.66
1199,2018-07-25,인랑,3.87
1200,2018-07-26,당갈,9.52
1201,2018-07-26,허스토리,9.35
1202,2018-07-26,"지금, 만나러 갑니다",9.34
1203,2018-07-26,인크레더블 2,9.27
1204,2018-07-26,1987,9.25
1205,2018-07-26,극장판 헬로카봇 : 백악기 시대,9.24
1206,2018-07-26,명탐정 코난 : 제로의 집행인,9.23
1207,2018-07-26,어느 가족,9.22
1208,2018-07-26,러빙 빈센트,9.19
1209,2018-07-26,내 사랑,9.17
1210,2018-07-26,미션 임파서블: 폴아웃,9.14
1211,2018-07-26,맘마미아!2,9.07
1212,2018-07-26,어벤져스: 인피니티 워,8.95
1213,2018-07-26,너의 결혼식,8.94
1214,2018-07-26,그것만이 내 세상,8.92
1215,2018-07-26,바르다가 사랑한 얼굴들,8.91
1216,2018-07-26,소공녀,8.88
1217,2018-07-26,비포 선라이즈,8.88
1218,2018-07-26,극장판 도라에몽: 진구의 보물섬,8.78
1219,2018-07-26,신비아파트: 금빛 도깨비와 비밀의 동굴,8.76
1220,2018-07-26,바닷마을 다이어리,8.74
1221,2018-07-26,"부르고뉴, 와인에서 찾은 인생",8.71
1222,2018-07-26,앤트맨과 와스프,8.66
1223,2018-07-26,걸어도 걸어도,8.64
1224,2018-07-26,안경,8.6
1225,2018-07-26,몬스터 호텔 3,8.59
1226,2018-07-26,아비정전,8.51
1227,2018-07-26,이별의 아침에 약속의 꽃을 장식하자,8.49
1228,2018-07-26,시카리오: 데이 오브 솔다도,8.48
1229,2018-07-26,탐정: 리턴즈,8.44
1230,2018-07-26,나를 차버린 스파이,8.38
1231,2018-07-26,카모메 식당,8.38
1232,2018-07-26,신은 죽지 않았다 3: 어둠 속의 빛,8.37
1233,2018-07-26,노인을 위한 나라는 없다,8.2
1234,2018-07-26,고양이를 빌려드립니다,8.08
1235,2018-07-26,파리로 가는 길,7.9
1236,2018-07-26,아이 엠 러브,7.89
1237,2018-07-26,한여름의 판타지아,7.83
1238,2018-07-26,세 번째 살인,7.78
1239,2018-07-26,신과함께-인과 연,7.73
1240,2018-07-26,콜 미 바이 유어 네임,7.55
1241,2018-07-26,킬링 디어,7.16
1242,2018-07-26,공작,6.87
1243,2018-07-26,메가로돈,6.73
1244,2018-07-26,조선명탐정: 흡혈괴마의 비밀,6.65
1245,2018-07-26,곤지암,6.47
1246,2018-07-26,목격자,5.66
1247,2018-07-26,인랑,3.87
1248,2018-07-27,당갈,9.52
1249,2018-07-27,허스토리,9.35
1250,2018-07-27,"지금, 만나러 갑니다",9.34
1251,2018-07-27,인크레더블 2,9.27
1252,2018-07-27,1987,9.25
1253,2018-07-27,극장판 헬로카봇 : 백악기 시대,9.24
1254,2018-07-27,명탐정 코난 : 제로의 집행인,9.23
1255,2018-07-27,어느 가족,9.22
1256,2018-07-27,러빙 빈센트,9.19
1257,2018-07-27,내 사랑,9.17
1258,2018-07-27,미션 임파서블: 폴아웃,9.14
1259,2018-07-27,맘마미아!2,9.07
1260,2018-07-27,어벤져스: 인피니티 워,8.95
1261,2018-07-27,너의 결혼식,8.94
1262,2018-07-27,그것만이 내 세상,8.92
1263,2018-07-27,바르다가 사랑한 얼굴들,8.91
1264,2018-07-27,소공녀,8.88
1265,2018-07-27,비포 선라이즈,8.88
1266,2018-07-27,극장판 도라에몽: 진구의 보물섬,8.78
1267,2018-07-27,신비아파트: 금빛 도깨비와 비밀의 동굴,8.76
1268,2018-07-27,바닷마을 다이어리,8.74
1269,2018-07-27,"부르고뉴, 와인에서 찾은 인생",8.71
1270,2018-07-27,앤트맨과 와스프,8.66
1271,2018-07-27,걸어도 걸어도,8.64
1272,2018-07-27,안경,8.6
1273,2018-07-27,몬스터 호텔 3,8.59
1274,2018-07-27,아비정전,8.51
1275,2018-07-27,이별의 아침에 약속의 꽃을 장식하자,8.49
1276,2018-07-27,시카리오: 데이 오브 솔다도,8.48
1277,2018-07-27,탐정: 리턴즈,8.44
1278,2018-07-27,나를 차버린 스파이,8.38
1279,2018-07-27,카모메 식당,8.38
1280,2018-07-27,신은 죽지 않았다 3: 어둠 속의 빛,8.37
1281,2018-07-27,노인을 위한 나라는 없다,8.2
1282,2018-07-27,고양이를 빌려드립니다,8.08
1283,2018-07-27,파리로 가는 길,7.9
1284,2018-07-27,아이 엠 러브,7.89
1285,2018-07-27,한여름의 판타지아,7.83
1286,2018-07-27,세 번째 살인,7.78
1287,2018-07-27,신과함께-인과 연,7.73
1288,2018-07-27,콜 미 바이 유어 네임,7.55
1289,2018-07-27,킬링 디어,7.16
1290,2018-07-27,공작,6.87
1291,2018-07-27,메가로돈,6.73
1292,2018-07-27,조선명탐정: 흡혈괴마의 비밀,6.65
1293,2018-07-27,곤지암,6.47
1294,2018-07-27,목격자,5.66
1295,2018-07-27,인랑,3.87
1296,2018-07-28,당갈,9.52
1297,2018-07-28,허스토리,9.35
1298,2018-07-28,"지금, 만나러 갑니다",9.34
1299,2018-07-28,인크레더블 2,9.27
1300,2018-07-28,1987,9.25
1301,2018-07-28,극장판 헬로카봇 : 백악기 시대,9.24
1302,2018-07-28,명탐정 코난 : 제로의 집행인,9.23
1303,2018-07-28,어느 가족,9.22
1304,2018-07-28,러빙 빈센트,9.19
1305,2018-07-28,내 사랑,9.17
1306,2018-07-28,미션 임파서블: 폴아웃,9.14
1307,2018-07-28,맘마미아!2,9.07
1308,2018-07-28,어벤져스: 인피니티 워,8.95
1309,2018-07-28,너의 결혼식,8.94
1310,2018-07-28,그것만이 내 세상,8.92
1311,2018-07-28,바르다가 사랑한 얼굴들,8.91
1312,2018-07-28,소공녀,8.88
1313,2018-07-28,비포 선라이즈,8.88
1314,2018-07-28,극장판 도라에몽: 진구의 보물섬,8.78
1315,2018-07-28,신비아파트: 금빛 도깨비와 비밀의 동굴,8.76
1316,2018-07-28,바닷마을 다이어리,8.74
1317,2018-07-28,"부르고뉴, 와인에서 찾은 인생",8.71
1318,2018-07-28,앤트맨과 와스프,8.66
1319,2018-07-28,걸어도 걸어도,8.64
1320,2018-07-28,안경,8.6
1321,2018-07-28,몬스터 호텔 3,8.59
1322,2018-07-28,아비정전,8.51
1323,2018-07-28,이별의 아침에 약속의 꽃을 장식하자,8.49
1324,2018-07-28,시카리오: 데이 오브 솔다도,8.48
1325,2018-07-28,탐정: 리턴즈,8.44
1326,2018-07-28,나를 차버린 스파이,8.38
1327,2018-07-28,카모메 식당,8.38
1328,2018-07-28,신은 죽지 않았다 3: 어둠 속의 빛,8.37
1329,2018-07-28,노인을 위한 나라는 없다,8.2
1330,2018-07-28,고양이를 빌려드립니다,8.08
1331,2018-07-28,파리로 가는 길,7.9
1332,2018-07-28,아이 엠 러브,7.89
1333,2018-07-28,한여름의 판타지아,7.83
1334,2018-07-28,세 번째 살인,7.78
1335,2018-07-28,신과함께-인과 연,7.73
1336,2018-07-28,콜 미 바이 유어 네임,7.55
1337,2018-07-28,킬링 디어,7.16
1338,2018-07-28,공작,6.87
1339,2018-07-28,메가로돈,6.73
1340,2018-07-28,조선명탐정: 흡혈괴마의 비밀,6.65
1341,2018-07-28,곤지암,6.47
1342,2018-07-28,목격자,5.66
1343,2018-07-28,인랑,3.87
1344,2018-07-29,당갈,9.52
1345,2018-07-29,허스토리,9.35
1346,2018-07-29,"지금, 만나러 갑니다",9.34
1347,2018-07-29,인크레더블 2,9.27
1348,2018-07-29,1987,9.25
1349,2018-07-29,극장판 헬로카봇 : 백악기 시대,9.24
1350,2018-07-29,명탐정 코난 : 제로의 집행인,9.23
1351,2018-07-29,어느 가족,9.22
1352,2018-07-29,러빙 빈센트,9.19
1353,2018-07-29,내 사랑,9.17
1354,2018-07-29,미션 임파서블: 폴아웃,9.14
1355,2018-07-29,맘마미아!2,9.07
1356,2018-07-29,어벤져스: 인피니티 워,8.95
1357,2018-07-29,너의 결혼식,8.94
1358,2018-07-29,그것만이 내 세상,8.92
1359,2018-07-29,바르다가 사랑한 얼굴들,8.91
1360,2018-07-29,소공녀,8.88
1361,2018-07-29,비포 선라이즈,8.88
1362,2018-07-29,극장판 도라에몽: 진구의 보물섬,8.78
1363,2018-07-29,신비아파트: 금빛 도깨비와 비밀의 동굴,8.76
1364,2018-07-29,바닷마을 다이어리,8.74
1365,2018-07-29,"부르고뉴, 와인에서 찾은 인생",8.71
1366,2018-07-29,앤트맨과 와스프,8.66
1367,2018-07-29,걸어도 걸어도,8.64
1368,2018-07-29,안경,8.6
1369,2018-07-29,몬스터 호텔 3,8.59
1370,2018-07-29,아비정전,8.51
1371,2018-07-29,이별의 아침에 약속의 꽃을 장식하자,8.49
1372,2018-07-29,시카리오: 데이 오브 솔다도,8.48
1373,2018-07-29,탐정: 리턴즈,8.44
1374,2018-07-29,나를 차버린 스파이,8.38
1375,2018-07-29,카모메 식당,8.38
1376,2018-07-29,신은 죽지 않았다 3: 어둠 속의 빛,8.37
1377,2018-07-29,노인을 위한 나라는 없다,8.2
1378,2018-07-29,고양이를 빌려드립니다,8.08
1379,2018-07-29,파리로 가는 길,7.9
1380,2018-07-29,아이 엠 러브,7.89
1381,2018-07-29,한여름의 판타지아,7.83
1382,2018-07-29,세 번째 살인,7.78
1383,2018-07-29,신과함께-인과 연,7.73
1384,2018-07-29,콜 미 바이 유어 네임,7.55
1385,2018-07-29,킬링 디어,7.16
1386,2018-07-29,공작,6.87
1387,2018-07-29,메가로돈,6.73
1388,2018-07-29,조선명탐정: 흡혈괴마의 비밀,6.65
1389,2018-07-29,곤지암,6.47
1390,2018-07-29,목격자,5.66
1391,2018-07-29,인랑,3.87
1392,2018-07-30,당갈,9.52
1393,2018-07-30,허스토리,9.35
1394,2018-07-30,"지금, 만나러 갑니다",9.34
1395,2018-07-30,인크레더블 2,9.27
1396,2018-07-30,1987,9.25
1397,2018-07-30,극장판 헬로카봇 : 백악기 시대,9.24
1398,2018-07-30,명탐정 코난 : 제로의 집행인,9.23
1399,2018-07-30,어느 가족,9.22
1400,2018-07-30,러빙 빈센트,9.19
1401,2018-07-30,내 사랑,9.17
1402,2018-07-30,미션 임파서블: 폴아웃,9.14
1403,2018-07-30,맘마미아!2,9.07
1404,2018-07-30,어벤져스: 인피니티 워,8.95
1405,2018-07-30,너의 결혼식,8.94
1406,2018-07-30,그것만이 내 세상,8.92
1407,2018-07-30,바르다가 사랑한 얼굴들,8.91
1408,2018-07-30,소공녀,8.88
1409,2018-07-30,비포 선라이즈,8.88
1410,2018-07-30,극장판 도라에몽: 진구의 보물섬,8.78
1411,2018-07-30,신비아파트: 금빛 도깨비와 비밀의 동굴,8.76
1412,2018-07-30,바닷마을 다이어리,8.74
1413,2018-07-30,"부르고뉴, 와인에서 찾은 인생",8.71
1414,2018-07-30,앤트맨과 와스프,8.66
1415,2018-07-30,걸어도 걸어도,8.64
1416,2018-07-30,안경,8.6
1417,2018-07-30,몬스터 호텔 3,8.59
1418,2018-07-30,아비정전,8.51
1419,2018-07-30,이별의 아침에 약속의 꽃을 장식하자,8.49
1420,2018-07-30,시카리오: 데이 오브 솔다도,8.48
1421,2018-07-30,탐정: 리턴즈,8.44
1422,2018-07-30,나를 차버린 스파이,8.38
1423,2018-07-30,카모메 식당,8.38
1424,2018-07-30,신은 죽지 않았다 3: 어둠 속의 빛,8.37
1425,2018-07-30,노인을 위한 나라는 없다,8.2
1426,2018-07-30,고양이를 빌려드립니다,8.08
1427,2018-07-30,파리로 가는 길,7.9
1428,2018-07-30,아이 엠 러브,7.89
1429,2018-07-30,한여름의 판타지아,7.83
1430,2018-07-30,세 번째 살인,7.78
1431,2018-07-30,신과함께-인과 연,7.73
1432,2018-07-30,콜 미 바이 유어 네임,7.55
1433,2018-07-30,킬링 디어,7.16
1434,2018-07-30,공작,6.87
1435,2018-07-30,메가로돈,6.73
1436,2018-07-30,조선명탐정: 흡혈괴마의 비밀,6.65
1437,2018-07-30,곤지암,6.47
1438,2018-07-30,목격자,5.66
1439,2018-07-30,인랑,3.87
1440,2018-07-31,당갈,9.52
1441,2018-07-31,허스토리,9.35
1442,2018-07-31,"지금, 만나러 갑니다",9.34
1443,2018-07-31,인크레더블 2,9.27
1444,2018-07-31,1987,9.25
1445,2018-07-31,극장판 헬로카봇 : 백악기 시대,9.24
1446,2018-07-31,명탐정 코난 : 제로의 집행인,9.23
1447,2018-07-31,어느 가족,9.22
1448,2018-07-31,러빙 빈센트,9.19
1449,2018-07-31,내 사랑,9.17
1450,2018-07-31,미션 임파서블: 폴아웃,9.14
1451,2018-07-31,맘마미아!2,9.07
1452,2018-07-31,어벤져스: 인피니티 워,8.95
1453,2018-07-31,너의 결혼식,8.94
1454,2018-07-31,그것만이 내 세상,8.92
1455,2018-07-31,바르다가 사랑한 얼굴들,8.91
1456,2018-07-31,소공녀,8.88
1457,2018-07-31,비포 선라이즈,8.88
1458,2018-07-31,극장판 도라에몽: 진구의 보물섬,8.78
1459,2018-07-31,신비아파트: 금빛 도깨비와 비밀의 동굴,8.76
1460,2018-07-31,바닷마을 다이어리,8.74
1461,2018-07-31,"부르고뉴, 와인에서 찾은 인생",8.71
1462,2018-07-31,앤트맨과 와스프,8.66
1463,2018-07-31,걸어도 걸어도,8.64
1464,2018-07-31,안경,8.6
1465,2018-07-31,몬스터 호텔 3,8.59
1466,2018-07-31,아비정전,8.51
1467,2018-07-31,이별의 아침에 약속의 꽃을 장식하자,8.49
1468,2018-07-31,시카리오: 데이 오브 솔다도,8.48
1469,2018-07-31,탐정: 리턴즈,8.44
1470,2018-07-31,나를 차버린 스파이,8.38
1471,2018-07-31,카모메 식당,8.38
1472,2018-07-31,신은 죽지 않았다 3: 어둠 속의 빛,8.37
1473,2018-07-31,노인을 위한 나라는 없다,8.2
1474,2018-07-31,고양이를 빌려드립니다,8.08
1475,2018-07-31,파리로 가는 길,7.9
1476,2018-07-31,아이 엠 러브,7.89
1477,2018-07-31,한여름의 판타지아,7.83
1478,2018-07-31,세 번째 살인,7.78
1479,2018-07-31,신과함께-인과 연,7.73
1480,2018-07-31,콜 미 바이 유어 네임,7.55
1481,2018-07-31,킬링 디어,7.16
1482,2018-07-31,공작,6.87
1483,2018-07-31,메가로돈,6.73
1484,2018-07-31,조선명탐정: 흡혈괴마의 비밀,6.65
1485,2018-07-31,곤지암,6.47
1486,2018-07-31,목격자,5.66
1487,2018-07-31,인랑,3.87
1488,2018-08-01,당갈,9.52
1489,2018-08-01,허스토리,9.35
1490,2018-08-01,"지금, 만나러 갑니다",9.34
1491,2018-08-01,인크레더블 2,9.27
1492,2018-08-01,1987,9.25
1493,2018-08-01,극장판 헬로카봇 : 백악기 시대,9.24
1494,2018-08-01,명탐정 코난 : 제로의 집행인,9.23
1495,2018-08-01,어느 가족,9.22
1496,2018-08-01,러빙 빈센트,9.19
1497,2018-08-01,내 사랑,9.17
1498,2018-08-01,미션 임파서블: 폴아웃,9.14
1499,2018-08-01,맘마미아!2,9.07
1500,2018-08-01,어벤져스: 인피니티 워,8.95
1501,2018-08-01,너의 결혼식,8.94
1502,2018-08-01,그것만이 내 세상,8.92
1503,2018-08-01,바르다가 사랑한 얼굴들,8.91
1504,2018-08-01,소공녀,8.88
1505,2018-08-01,비포 선라이즈,8.88
1506,2018-08-01,극장판 도라에몽: 진구의 보물섬,8.78
1507,2018-08-01,신비아파트: 금빛 도깨비와 비밀의 동굴,8.76
1508,2018-08-01,바닷마을 다이어리,8.74
1509,2018-08-01,"부르고뉴, 와인에서 찾은 인생",8.71
1510,2018-08-01,앤트맨과 와스프,8.66
1511,2018-08-01,걸어도 걸어도,8.64
1512,2018-08-01,안경,8.6
1513,2018-08-01,몬스터 호텔 3,8.59
1514,2018-08-01,아비정전,8.51
1515,2018-08-01,이별의 아침에 약속의 꽃을 장식하자,8.49
1516,2018-08-01,시카리오: 데이 오브 솔다도,8.48
1517,2018-08-01,탐정: 리턴즈,8.44
1518,2018-08-01,나를 차버린 스파이,8.38
1519,2018-08-01,카모메 식당,8.38
1520,2018-08-01,신은 죽지 않았다 3: 어둠 속의 빛,8.37
1521,2018-08-01,노인을 위한 나라는 없다,8.2
1522,2018-08-01,고양이를 빌려드립니다,8.08
1523,2018-08-01,파리로 가는 길,7.9
1524,2018-08-01,아이 엠 러브,7.89
1525,2018-08-01,한여름의 판타지아,7.83
1526,2018-08-01,세 번째 살인,7.78
1527,2018-08-01,신과함께-인과 연,7.73
1528,2018-08-01,콜 미 바이 유어 네임,7.55
1529,2018-08-01,킬링 디어,7.16
1530,2018-08-01,공작,6.87
1531,2018-08-01,메가로돈,6.73
1532,2018-08-01,조선명탐정: 흡혈괴마의 비밀,6.65
1533,2018-08-01,곤지암,6.47
1534,2018-08-01,목격자,5.66
1535,2018-08-01,인랑,3.87
1536,2018-08-02,당갈,9.52
1537,2018-08-02,허스토리,9.35
1538,2018-08-02,"지금, 만나러 갑니다",9.34
1539,2018-08-02,인크레더블 2,9.27
1540,2018-08-02,1987,9.25
1541,2018-08-02,극장판 헬로카봇 : 백악기 시대,9.24
1542,2018-08-02,명탐정 코난 : 제로의 집행인,9.23
1543,2018-08-02,어느 가족,9.22
1544,2018-08-02,러빙 빈센트,9.19
1545,2018-08-02,내 사랑,9.17
1546,2018-08-02,미션 임파서블: 폴아웃,9.14
1547,2018-08-02,맘마미아!2,9.07
1548,2018-08-02,어벤져스: 인피니티 워,8.95
1549,2018-08-02,너의 결혼식,8.94
1550,2018-08-02,그것만이 내 세상,8.92
1551,2018-08-02,바르다가 사랑한 얼굴들,8.91
1552,2018-08-02,소공녀,8.88
1553,2018-08-02,비포 선라이즈,8.88
1554,2018-08-02,극장판 도라에몽: 진구의 보물섬,8.78
1555,2018-08-02,신비아파트: 금빛 도깨비와 비밀의 동굴,8.76
1556,2018-08-02,바닷마을 다이어리,8.74
1557,2018-08-02,"부르고뉴, 와인에서 찾은 인생",8.71
1558,2018-08-02,앤트맨과 와스프,8.66
1559,2018-08-02,걸어도 걸어도,8.64
1560,2018-08-02,안경,8.6
1561,2018-08-02,몬스터 호텔 3,8.59
1562,2018-08-02,아비정전,8.51
1563,2018-08-02,이별의 아침에 약속의 꽃을 장식하자,8.49
1564,2018-08-02,시카리오: 데이 오브 솔다도,8.48
1565,2018-08-02,탐정: 리턴즈,8.44
1566,2018-08-02,나를 차버린 스파이,8.38
1567,2018-08-02,카모메 식당,8.38
1568,2018-08-02,신은 죽지 않았다 3: 어둠 속의 빛,8.37
1569,2018-08-02,노인을 위한 나라는 없다,8.2
1570,2018-08-02,고양이를 빌려드립니다,8.08
1571,2018-08-02,파리로 가는 길,7.9
1572,2018-08-02,아이 엠 러브,7.89
1573,2018-08-02,한여름의 판타지아,7.83
1574,2018-08-02,세 번째 살인,7.78
1575,2018-08-02,신과함께-인과 연,7.73
1576,2018-08-02,콜 미 바이 유어 네임,7.55
1577,2018-08-02,킬링 디어,7.16
1578,2018-08-02,공작,6.87
1579,2018-08-02,메가로돈,6.73
1580,2018-08-02,조선명탐정: 흡혈괴마의 비밀,6.65
1581,2018-08-02,곤지암,6.47
1582,2018-08-02,목격자,5.66
1583,2018-08-02,인랑,3.87
1584,2018-08-03,당갈,9.52
1585,2018-08-03,허스토리,9.35
1586,2018-08-03,"지금, 만나러 갑니다",9.34
1587,2018-08-03,인크레더블 2,9.27
1588,2018-08-03,1987,9.25
1589,2018-08-03,극장판 헬로카봇 : 백악기 시대,9.24
1590,2018-08-03,명탐정 코난 : 제로의 집행인,9.23
1591,2018-08-03,어느 가족,9.22
1592,2018-08-03,러빙 빈센트,9.19
1593,2018-08-03,내 사랑,9.17
1594,2018-08-03,미션 임파서블: 폴아웃,9.14
1595,2018-08-03,맘마미아!2,9.07
1596,2018-08-03,어벤져스: 인피니티 워,8.95
1597,2018-08-03,너의 결혼식,8.94
1598,2018-08-03,그것만이 내 세상,8.92
1599,2018-08-03,바르다가 사랑한 얼굴들,8.91
1600,2018-08-03,소공녀,8.88
1601,2018-08-03,비포 선라이즈,8.88
1602,2018-08-03,극장판 도라에몽: 진구의 보물섬,8.78
1603,2018-08-03,신비아파트: 금빛 도깨비와 비밀의 동굴,8.76
1604,2018-08-03,바닷마을 다이어리,8.74
1605,2018-08-03,"부르고뉴, 와인에서 찾은 인생",8.71
1606,2018-08-03,앤트맨과 와스프,8.66
1607,2018-08-03,걸어도 걸어도,8.64
1608,2018-08-03,안경,8.6
1609,2018-08-03,몬스터 호텔 3,8.59
1610,2018-08-03,아비정전,8.51
1611,2018-08-03,이별의 아침에 약속의 꽃을 장식하자,8.49
1612,2018-08-03,시카리오: 데이 오브 솔다도,8.48
1613,2018-08-03,탐정: 리턴즈,8.44
1614,2018-08-03,나를 차버린 스파이,8.38
1615,2018-08-03,카모메 식당,8.38
1616,2018-08-03,신은 죽지 않았다 3: 어둠 속의 빛,8.37
1617,2018-08-03,노인을 위한 나라는 없다,8.2
1618,2018-08-03,고양이를 빌려드립니다,8.08
1619,2018-08-03,파리로 가는 길,7.9
1620,2018-08-03,아이 엠 러브,7.89
1621,2018-08-03,한여름의 판타지아,7.83
1622,2018-08-03,세 번째 살인,7.78
1623,2018-08-03,신과함께-인과 연,7.73
1624,2018-08-03,콜 미 바이 유어 네임,7.55
1625,2018-08-03,킬링 디어,7.16
1626,2018-08-03,공작,6.87
1627,2018-08-03,메가로돈,6.73
1628,2018-08-03,조선명탐정: 흡혈괴마의 비밀,6.65
1629,2018-08-03,곤지암,6.47
1630,2018-08-03,목격자,5.66
1631,2018-08-03,인랑,3.87
1632,2018-08-04,당갈,9.52
1633,2018-08-04,허스토리,9.35
1634,2018-08-04,"지금, 만나러 갑니다",9.34
1635,2018-08-04,인크레더블 2,9.27
1636,2018-08-04,1987,9.25
1637,2018-08-04,극장판 헬로카봇 : 백악기 시대,9.24
1638,2018-08-04,명탐정 코난 : 제로의 집행인,9.23
1639,2018-08-04,어느 가족,9.22
1640,2018-08-04,러빙 빈센트,9.19
1641,2018-08-04,내 사랑,9.17
1642,2018-08-04,미션 임파서블: 폴아웃,9.14
1643,2018-08-04,맘마미아!2,9.07
1644,2018-08-04,어벤져스: 인피니티 워,8.95
1645,2018-08-04,너의 결혼식,8.94
1646,2018-08-04,그것만이 내 세상,8.92
1647,2018-08-04,바르다가 사랑한 얼굴들,8.91
1648,2018-08-04,소공녀,8.88
1649,2018-08-04,비포 선라이즈,8.88
1650,2018-08-04,극장판 도라에몽: 진구의 보물섬,8.78
1651,2018-08-04,신비아파트: 금빛 도깨비와 비밀의 동굴,8.76
1652,2018-08-04,바닷마을 다이어리,8.74
1653,2018-08-04,"부르고뉴, 와인에서 찾은 인생",8.71
1654,2018-08-04,앤트맨과 와스프,8.66
1655,2018-08-04,걸어도 걸어도,8.64
1656,2018-08-04,안경,8.6
1657,2018-08-04,몬스터 호텔 3,8.59
1658,2018-08-04,아비정전,8.51
1659,2018-08-04,이별의 아침에 약속의 꽃을 장식하자,8.49
1660,2018-08-04,시카리오: 데이 오브 솔다도,8.48
1661,2018-08-04,탐정: 리턴즈,8.44
1662,2018-08-04,나를 차버린 스파이,8.38
1663,2018-08-04,카모메 식당,8.38
1664,2018-08-04,신은 죽지 않았다 3: 어둠 속의 빛,8.37
1665,2018-08-04,노인을 위한 나라는 없다,8.2
1666,2018-08-04,고양이를 빌려드립니다,8.08
1667,2018-08-04,파리로 가는 길,7.9
1668,2018-08-04,아이 엠 러브,7.89
1669,2018-08-04,한여름의 판타지아,7.83
1670,2018-08-04,세 번째 살인,7.78
1671,2018-08-04,신과함께-인과 연,7.73
1672,2018-08-04,콜 미 바이 유어 네임,7.55
1673,2018-08-04,킬링 디어,7.16
1674,2018-08-04,공작,6.87
1675,2018-08-04,메가로돈,6.73
1676,2018-08-04,조선명탐정: 흡혈괴마의 비밀,6.65
1677,2018-08-04,곤지암,6.47
1678,2018-08-04,목격자,5.66
1679,2018-08-04,인랑,3.87
